Judul,Tanggal,Link
PMK 50/2025: Babak Baru Pemajakan Aset Kripto,Tidak ada tanggal,https://pajak.go.id/index.php/id/artikel/pmk-502025-babak-baru-pemajakan-aset-kripto
"PMK 51/2025 dan PMK 52/2025: Atur Ulang Pajak Emas, Masyarakat Tak Perlu Cemas",Tidak ada tanggal,https://pajak.go.id/index.php/id/artikel/pmk-512025-dan-pmk-522025-atur-ulang-pajak-emas-masyarakat-tak-perlu-cemas
"Kota Lama Semarang: Merawat Warisan Kolonial, Menjangkau Milenial",Tidak ada tanggal,https://pajak.go.id/index.php/id/artikel/kota-lama-semarang-merawat-warisan-kolonial-menjangkau-milenial
PMK 50/2025: Babak Baru Pemajakan Aset Kripto,Tidak ada tanggal,https://pajak.go.id/index.php/id/artikel/pmk-502025-babak-baru-pemajakan-aset-kripto
"PMK 51/2025 dan PMK 52/2025: Atur Ulang Pajak Emas, Masyarakat Tak Perlu Cemas",Tidak ada tanggal,https://pajak.go.id/index.php/id/artikel/pmk-512025-dan-pmk-522025-atur-ulang-pajak-emas-masyarakat-tak-perlu-cemas
"Kota Lama Semarang: Merawat Warisan Kolonial, Menjangkau Milenial",Tidak ada tanggal,https://pajak.go.id/index.php/id/artikel/kota-lama-semarang-merawat-warisan-kolonial-menjangkau-milenial
PMK 50/2025: Babak Baru Pemajakan Aset Kripto,Tidak ada tanggal,https://pajak.go.id/index.php/id/artikel/pmk-502025-babak-baru-pemajakan-aset-kripto
"PMK 51/2025 dan PMK 52/2025: Atur Ulang Pajak Emas, Masyarakat Tak Perlu Cemas",Tidak ada tanggal,https://pajak.go.id/index.php/id/artikel/pmk-512025-dan-pmk-522025-atur-ulang-pajak-emas-masyarakat-tak-perlu-cemas
"Kota Lama Semarang: Merawat Warisan Kolonial, Menjangkau Milenial",Tidak ada tanggal,https://pajak.go.id/index.php/id/artikel/kota-lama-semarang-merawat-warisan-kolonial-menjangkau-milenial
PMK 50/2025: Babak Baru Pemajakan Aset Kripto,Tidak ada tanggal,https://pajak.go.id/index.php/id/artikel/pmk-502025-babak-baru-pemajakan-aset-kripto
"PMK 51/2025 dan PMK 52/2025: Atur Ulang Pajak Emas, Masyarakat Tak Perlu Cemas",Tidak ada tanggal,https://pajak.go.id/index.php/id/artikel/pmk-512025-dan-pmk-522025-atur-ulang-pajak-emas-masyarakat-tak-perlu-cemas
"Kota Lama Semarang: Merawat Warisan Kolonial, Menjangkau Milenial",Tidak ada tanggal,https://pajak.go.id/index.php/id/artikel/kota-lama-semarang-merawat-warisan-kolonial-menjangkau-milenial
PMK 50/2025: Babak Baru Pemajakan Aset Kripto,Tidak ada tanggal,https://pajak.go.id/index.php/id/artikel/pmk-502025-babak-baru-pemajakan-aset-kripto
"PMK 51/2025 dan PMK 52/2025: Atur Ulang Pajak Emas, Masyarakat Tak Perlu Cemas",Tidak ada tanggal,https://pajak.go.id/index.php/id/artikel/pmk-512025-dan-pmk-522025-atur-ulang-pajak-emas-masyarakat-tak-perlu-cemas
"Kota Lama Semarang: Merawat Warisan Kolonial, Menjangkau Milenial",Tidak ada tanggal,https://pajak.go.id/index.php/id/artikel/kota-lama-semarang-merawat-warisan-kolonial-menjangkau-milenial
PMK 50/2025: Babak Baru Pemajakan Aset Kripto,Tidak ada tanggal,https://pajak.go.id/index.php/id/artikel/pmk-502025-babak-baru-pemajakan-aset-kripto
"PMK 51/2025 dan PMK 52/2025: Atur Ulang Pajak Emas, Masyarakat Tak Perlu Cemas",Tidak ada tanggal,https://pajak.go.id/index.php/id/artikel/pmk-512025-dan-pmk-522025-atur-ulang-pajak-emas-masyarakat-tak-perlu-cemas
"Kota Lama Semarang: Merawat Warisan Kolonial, Menjangkau Milenial",Tidak ada tanggal,https://pajak.go.id/index.php/id/artikel/kota-lama-semarang-merawat-warisan-kolonial-menjangkau-milenial
PMK 50/2025: Babak Baru Pemajakan Aset Kripto,Tidak ada tanggal,https://pajak.go.id/index.php/id/artikel/pmk-502025-babak-baru-pemajakan-aset-kripto
"PMK 51/2025 dan PMK 52/2025: Atur Ulang Pajak Emas, Masyarakat Tak Perlu Cemas",Tidak ada tanggal,https://pajak.go.id/index.php/id/artikel/pmk-512025-dan-pmk-522025-atur-ulang-pajak-emas-masyarakat-tak-perlu-cemas
"Kota Lama Semarang: Merawat Warisan Kolonial, Menjangkau Milenial",Tidak ada tanggal,https://pajak.go.id/index.php/id/artikel/kota-lama-semarang-merawat-warisan-kolonial-menjangkau-milenial
PMK 50/2025: Babak Baru Pemajakan Aset Kripto,Tidak ada tanggal,https://pajak.go.id/index.php/id/artikel/pmk-502025-babak-baru-pemajakan-aset-kripto
"PMK 51/2025 dan PMK 52/2025: Atur Ulang Pajak Emas, Masyarakat Tak Perlu Cemas",Tidak ada tanggal,https://pajak.go.id/index.php/id/artikel/pmk-512025-dan-pmk-522025-atur-ulang-pajak-emas-masyarakat-tak-perlu-cemas
"Kota Lama Semarang: Merawat Warisan Kolonial, Menjangkau Milenial",Tidak ada tanggal,https://pajak.go.id/index.php/id/artikel/kota-lama-semarang-merawat-warisan-kolonial-menjangkau-milenial
PMK 50/2025: Babak Baru Pemajakan Aset Kripto,Tidak ada tanggal,https://pajak.go.id/index.php/id/artikel/pmk-502025-babak-baru-pemajakan-aset-kripto
"PMK 51/2025 dan PMK 52/2025: Atur Ulang Pajak Emas, Masyarakat Tak Perlu Cemas",Tidak ada tanggal,https://pajak.go.id/index.php/id/artikel/pmk-512025-dan-pmk-522025-atur-ulang-pajak-emas-masyarakat-tak-perlu-cemas
"Kota Lama Semarang: Merawat Warisan Kolonial, Menjangkau Milenial",Tidak ada tanggal,https://pajak.go.id/index.php/id/artikel/kota-lama-semarang-merawat-warisan-kolonial-menjangkau-milenial
